,recipe,calories,carbohydrate,sugar,protein,servings,high_traffic,category_Breakfast,category_Chicken,category_Dessert,category_Lunch/Snacks,category_Meat,category_One Dish Meal,category_Pork,category_Potato,category_Vegetable
0,86.7786422755736,293.86,11.43,3.16,0.98,2,True,False,False,False,False,False,False,False,False,True
1,186.78686462637637,362.78,97.21,0.55,21.11,2,True,False,False,False,True,False,False,False,False,False
2,114.8783378377244,538.88,6.84,6.95,43.91,2,False,False,False,False,False,False,True,False,False,False
3,108.30882233784894,262.09,2.8,8.68,0.08,6,False,False,False,False,False,False,False,False,False,False
4,179.38353582814918,336.13,38.56,75.48,14.64,1,False,False,False,True,False,False,False,False,False,False
5,184.5453496078593,282.89,114.65,2.51,28.11,6,True,False,False,False,True,False,False,False,False,False
6,150.43473969353806,146.87,76.13,1.65,93.14,1,False,False,True,False,False,False,False,False,False,False
7,136.87907193926466,242.85,28.81,1.99,8.57,1,False,True,False,False,False,False,False,False,False,False
8,161.0286843663038,628.49,20.86,0.33,17.74,6,True,False,True,False,False,False,False,False,False,False
9,161.3660808277358,582.49,12.17,0.13,9.3,6,False,False,True,False,False,False,False,False,False,False
10,127.62263231343493,139.52,26.54,3.08,6.83,4,False,False,True,False,False,False,False,False,False,False
11,84.221567783805,223.01,25.99,7.52,11.69,4,True,False,False,False,False,True,False,False,False,False
12,52.72335459531857,272.31,73.05,7.68,0.29,2,False,False,False,False,False,False,False,False,False,False
13,122.99417427782679,225.87,6.19,2.97,2.89,1,False,False,True,False,False,False,False,False,False,False
14,165.0604498135503,974.61,2.67,4.72,3.08,4,True,False,False,False,False,False,False,True,False,False
15,101.98885987178045,265.71,11.68,11.7,0.79,2,True,False,False,False,False,False,False,False,False,True
16,100.18548126029458,34.97,16.88,4.54,14.04,4,True,False,False,False,False,False,False,False,False,True
17,121.49951675161883,553.67,2.65,1.7,7.96,4,True,False,False,False,False,False,False,False,False,True
18,179.54566887213747,1053.49,6.49,10.53,10.27,4,True,False,False,False,False,False,False,False,False,True
19,84.00719898483571,35.63,2.52,19.21,0.18,1,False,False,False,False,False,False,False,False,False,False
20,44.877263636500786,38.92,12.9,11.32,69.53,1,False,False,True,False,False,False,False,False,False,False
21,177.5964745046591,39.82,9.71,19.24,8.5,2,False,False,False,True,False,False,False,False,False,False
22,174.65773668192884,2068.07,34.23,1.46,10.02,1,True,False,False,False,False,False,False,False,True,False
23,148.52658722984552,544.01,39.29,1.75,2.3,6,True,False,True,False,False,False,False,False,False,False
24,124.66770267708453,581.97,8.29,29.15,0.43,4,False,False,False,False,False,False,False,False,False,False
25,86.35440051553759,1277.97,4.15,0.29,7.64,1,True,False,False,False,False,False,False,True,False,False
26,63.04773890509777,336.27,37.38,6.53,23.12,1,True,False,False,False,True,False,False,False,False,False
27,161.70321674628994,665.01,11.65,19.16,26.66,4,False,True,False,False,False,False,False,False,False,False
28,183.90306741972478,727.55,2.81,1.01,28.55,4,True,False,False,False,False,True,False,False,False,False
29,165.39478046496524,27.46,8.3,6.91,18.15,4,True,False,False,False,False,True,False,False,False,False
30,180.03174348608803,305.22,41.6,0.18,25.99,4,False,False,True,False,False,False,False,False,False,False
31,196.28356551384118,64.27,0.16,51.64,0.74,2,False,False,False,False,False,False,False,False,False,False
32,114.68711786331208,295.62,22.47,29.72,7.76,6,True,False,False,True,False,False,False,False,False,False
33,189.6542793137352,976.87,7.73,3.01,49.04,2,True,False,False,False,False,False,True,False,False,False
34,67.74899306922916,280.13,1.1,7.58,0.56,2,False,False,False,False,False,False,False,False,False,False
35,160.5220990861636,1694.81,41.54,10.96,32.72,4,True,False,False,False,False,True,False,False,False,False
36,135.0826962077247,927.15,0.05,1.73,12.29,4,True,False,False,False,False,False,False,False,True,False
37,76.37102182467777,239.36,56.72,18.03,0.13,1,False,False,False,False,False,False,False,False,False,False
38,197.53685813167766,199.2,0.69,4.11,0.12,4,False,False,False,False,False,False,False,False,False,False
39,174.00220357666734,47.89,17.17,9.89,0.89,6,False,False,False,False,False,False,False,False,False,False
40,77.91993545297935,659.82,9.88,5.97,4.83,6,False,True,False,False,False,False,False,False,False,False
41,123.73899453480352,42.13,1.83,2.68,11.43,4,False,True,False,False,False,False,False,False,False,False
42,181.9712143410886,228.51,40.37,5.18,4.55,1,True,False,False,False,False,False,False,False,True,False
43,35.62177343528707,388.37,13.67,11.13,2.67,6,False,True,False,False,False,False,False,False,False,False
44,58.459870774239285,918.21,13.01,7.68,122.39,4,False,False,True,False,False,False,False,False,False,False
45,114.11275152088756,1503.92,13.49,4.79,1.9,6,False,False,True,False,False,False,False,False,False,False
46,159.84573126894477,498.56,5.96,2.08,15.44,2,False,True,False,False,False,False,False,False,False,False
47,164.72586863050586,1588.26,67.84,13.43,5.84,6,True,False,False,True,False,False,False,False,False,False
48,181.6485020073047,247.89,44.68,2.64,19.94,1,True,False,True,False,False,False,False,False,False,False
49,22.698168000728103,1724.25,45.52,0.07,49.37,1,True,True,False,False,False,False,False,False,False,False
50,45.95076578251738,960.75,190.84,4.13,96.91,4,True,False,False,False,False,False,True,False,False,False
51,46.484118980514936,528.9,18.65,3.31,6.04,4,False,False,False,False,False,False,False,False,True,False
52,73.01235527731012,581.7,11.48,7.94,13.64,4,True,False,True,False,False,False,False,False,False,False
53,180.51733309140351,12.06,41.93,0.84,15.38,1,False,True,False,False,False,False,False,False,False,False
54,121.12479423075114,354.02,15.36,26.97,64.15,2,True,False,True,False,False,False,False,False,False,False
55,155.25214069120824,643.87,0.7,35.74,12.96,6,True,False,False,False,False,False,False,False,False,True
56,189.97188841582434,25.21,0.47,20.64,52.56,2,True,False,False,False,False,False,False,True,False,False
57,159.337760604908,484.65,60.94,1.05,4.45,4,True,False,False,False,False,False,False,False,True,False
58,9.439795867946664,316.45,2.65,4.68,79.71,6,True,False,False,False,False,True,False,False,False,False
59,118.30057934570125,725.82,41.68,1.51,7.78,6,True,False,False,False,False,False,False,False,True,False
60,70.96984020158344,393.73,39.26,1.33,17.38,1,False,False,True,False,False,False,False,False,False,False
61,25.062470893296602,47.17,60.93,13.82,10.8,4,True,False,False,False,False,False,False,False,False,True
62,55.24405618139774,379.87,13.94,0.57,43.68,4,True,False,True,False,False,False,False,False,False,False
63,162.7130706092795,322.89,14.86,0.02,6.84,6,True,False,False,False,True,False,False,False,False,False
64,192.50573838469842,134.33,23.47,4.46,23.21,4,True,False,False,False,False,False,False,False,False,True
65,171.20591077319528,201.19,6.4,56.78,0.13,4,False,False,False,False,False,False,False,False,False,False
66,104.9687649218009,259.83,89.3,1.61,6.0,4,False,True,False,False,False,False,False,False,False,False
67,70.05514542887707,133.8,5.48,0.44,57.76,6,True,False,False,False,False,False,False,True,False,False
68,48.59587984606234,24.05,59.63,0.31,142.03,4,True,False,True,False,False,False,False,False,False,False
69,151.47178689743964,561.72,18.83,11.76,5.69,4,False,False,False,True,False,False,False,False,False,False
70,136.52049579738699,567.1,15.55,9.34,14.1,4,False,False,True,False,False,False,False,False,False,False
71,80.33146114040713,435.94,58.65,39.46,11.18,1,True,False,False,True,False,False,False,False,False,False
72,170.04958462525335,1317.56,24.42,26.36,85.79,4,True,False,False,False,False,False,False,True,False,False
73,63.28578759003176,216.1,7.93,1.2,151.64,6,False,False,True,False,False,False,False,False,False,False
74,125.40883607226253,350.61,73.29,17.77,1.98,4,True,False,False,True,False,False,False,False,False,False
75,45.415162387393806,180.42,9.64,6.87,15.59,4,True,True,False,False,False,False,False,False,False,False
76,188.5410926021313,307.36,31.39,52.17,10.12,6,False,False,False,True,False,False,False,False,False,False
77,140.44603836833372,467.47,55.6,2.24,51.15,6,False,False,False,False,False,True,False,False,False,False
78,159.16830405856004,389.31,138.05,7.81,7.94,6,True,False,False,False,False,False,False,False,True,False
79,160.01492223832295,32.92,170.88,52.05,6.27,4,True,False,False,True,False,False,False,False,False,False
80,94.49636061431275,482.51,26.21,5.29,18.93,4,True,False,False,False,False,False,False,False,True,False
81,174.33008408739977,12.25,11.17,7.44,26.89,6,True,False,False,False,False,True,False,False,False,False
82,101.18881813557167,259.95,18.93,5.08,0.33,6,True,False,False,False,False,False,False,False,False,True
83,128.35741637268453,2.98,9.81,28.58,19.11,1,False,False,True,False,False,False,False,False,False,False
84,199.09934792896098,113.62,7.12,5.27,13.4,4,True,False,False,False,False,False,False,False,False,True
85,58.21481964170952,382.85,3.38,44.22,0.36,2,False,False,False,False,False,False,False,False,False,False
86,103.58206896870954,708.64,45.44,4.55,221.91,6,True,False,True,False,False,False,False,False,False,False
87,82.9323249609032,114.74,32.69,10.02,87.46,6,True,False,False,False,False,False,False,True,False,False
88,90.14574697150752,92.21,8.53,0.24,14.14,4,True,False,False,False,True,False,False,False,False,False
89,170.38025945792913,790.21,3.92,5.93,23.16,4,True,False,True,False,False,False,False,False,False,False
90,132.73413262299786,117.95,17.11,6.67,1.15,2,False,False,False,False,False,False,False,False,False,False
91,100.38644328069145,123.02,202.66,16.0,8.14,6,True,False,False,True,False,False,False,False,False,False
92,178.89681099098902,73.56,15.61,5.91,4.71,6,True,False,False,False,True,False,False,False,False,False
93,130.0050434376542,452.67,21.28,12.13,144.71,2,True,False,True,False,False,False,False,False,False,False
94,185.34704131675323,88.17,49.37,0.01,0.4,6,False,False,False,False,False,False,False,False,False,False
95,157.8102400935976,11.57,20.55,0.5,0.02,1,False,False,False,False,False,False,False,False,False,False
96,52.977370860907726,188.42,34.29,5.55,3.15,4,True,True,False,False,False,False,False,False,False,False
97,134.54206529689998,1715.48,44.66,6.67,32.98,4,True,False,False,False,False,False,False,True,False,False
98,190.92353963169617,248.6,24.45,5.37,0.38,1,False,True,False,False,False,False,False,False,False,False
99,43.52216314139805,28.83,31.55,38.36,3.57,2,False,False,False,True,False,False,False,False,False,False
100,16.54225273150849,347.06,9.5,5.92,82.58,4,False,False,True,False,False,False,False,False,False,False
101,197.06721928030635,239.23,32.87,3.37,40.62,4,False,True,False,False,False,False,False,False,False,False
102,10.35233743830213,1695.82,0.1,0.39,33.17,1,True,False,False,False,False,True,False,False,False,False
103,8.97267481260118,217.14,6.69,10.0,15.17,4,True,False,False,False,False,True,False,False,False,False
104,83.14770675124315,70.81,27.0,11.18,0.21,4,False,False,False,False,False,False,False,False,False,False
105,146.78401377650673,382.43,62.95,19.81,180.06,4,True,False,False,False,False,False,False,True,False,False
106,51.446517906934524,205.98,61.85,2.89,14.45,4,True,False,True,False,False,False,False,False,False,False
107,27.991489299834313,260.33,0.51,1.24,4.53,1,False,False,False,True,False,False,False,False,False,False
108,120.9372726985347,67.72,11.03,5.32,40.39,1,True,False,False,False,False,False,False,True,False,False
109,160.85988813675996,85.29,46.39,2.78,5.08,2,True,False,False,False,False,False,False,False,False,True
110,90.98029024624385,76.21,91.25,6.12,3.27,4,True,False,False,True,False,False,False,False,False,False
111,150.0884705158238,510.79,48.79,1.87,7.22,1,True,False,False,False,True,False,False,False,False,False
112,72.10718537624219,627.16,34.96,41.5,16.15,6,False,False,False,True,False,False,False,False,False,False
113,198.6310790636985,110.17,65.7,58.15,5.92,1,True,False,False,True,False,False,False,False,False,False
114,53.73678330236871,766.8,13.6,8.27,17.85,6,False,False,False,False,True,False,False,False,False,False
115,146.08484460954654,780.48,7.03,2.08,9.93,1,True,False,False,False,True,False,False,False,False,False
116,55.49380969428862,18.62,22.46,10.06,1.12,6,False,False,False,False,False,False,False,False,False,False
117,144.85831361289465,98.67,1.43,7.73,8.14,4,True,False,True,False,False,False,False,False,False,False
118,44.066008863752835,1114.94,31.45,13.02,1.33,2,True,False,False,False,False,True,False,False,False,False
119,98.97657589186629,850.16,2.56,1.52,9.31,6,True,False,False,False,True,False,False,False,False,False
120,20.600544076407775,262.12,17.46,0.33,87.05,4,False,False,True,False,False,False,False,False,False,False
121,162.20843415966672,313.53,41.44,5.95,5.07,2,False,True,False,False,False,False,False,False,False,False
122,135.2627290722137,238.3,0.21,9.43,2.64,2,False,False,False,False,False,True,False,False,False,False
123,89.93666817284489,166.73,15.74,4.34,169.78,4,True,False,False,False,False,True,False,False,False,False
124,43.794391119903764,443.2,16.2,10.35,0.01,4,True,False,False,False,False,False,False,False,False,True
125,146.25975255610774,74.47,30.82,1.86,4.8,2,False,True,False,False,False,False,False,False,False,False
126,74.58661848836206,337.48,27.98,2.26,19.05,2,True,False,False,False,False,False,False,False,True,False
127,194.87006045405997,2332.32,7.47,3.62,34.33,1,True,False,False,False,False,False,True,False,False,False
128,98.16761645936914,2282.6,4.5,4.16,31.19,4,True,False,False,False,False,False,True,False,False,False
129,177.43368506573873,100.82,102.44,1.25,33.51,1,True,False,False,False,False,False,False,False,True,False
130,104.17719845816029,90.01,60.18,15.52,17.64,4,False,True,False,False,False,False,False,False,False,False
131,144.33148314974898,51.87,31.1,4.06,48.65,2,False,False,True,False,False,False,False,False,False,False
132,52.46889293527481,178.98,4.34,17.29,18.49,4,True,False,False,False,False,False,False,False,False,True
133,94.29087560759932,138.11,3.7,5.24,63.56,4,True,False,True,False,False,False,False,False,False,False
134,179.86977261666334,1245.7,0.08,14.34,3.52,4,True,False,False,False,True,False,False,False,False,False
135,195.34164926691258,74.73,2.99,1.18,0.22,6,True,False,False,False,False,False,False,False,True,False
136,92.43402562927889,561.43,11.83,9.0,189.33,6,True,False,False,False,False,False,False,True,False,False
137,191.8734385352437,1129.21,85.35,1.69,11.92,4,True,False,False,False,False,False,False,True,False,False
138,190.44793400982397,190.33,22.62,0.51,11.92,4,False,False,False,False,False,True,False,False,False,False
139,56.48877250440781,1044.92,24.34,5.6,4.66,4,False,False,True,False,False,False,False,False,False,False
140,155.42316322455352,100.39,9.66,24.37,16.97,2,True,False,False,False,False,False,False,False,False,True
141,142.9231135327742,351.61,18.84,10.87,9.62,2,False,False,True,False,False,False,False,False,False,False
142,200.34607782848863,1161.0,5.31,22.39,44.22,2,False,False,False,False,True,False,False,False,False,False
143,86.5666167582336,84.27,5.07,8.97,0.38,1,False,False,False,False,False,False,False,False,False,False
144,93.0544858863656,970.22,177.22,1.8,6.44,2,True,False,False,False,True,False,False,False,False,False
145,119.6216033446996,47.89,4.2,11.78,0.93,6,False,False,False,False,False,False,False,False,False,False
146,160.35310602641036,891.11,15.2,1.5,286.97,2,False,False,True,False,False,False,False,False,False,False
147,104.77107975626154,255.58,47.45,1.58,4.92,4,True,False,False,False,False,False,False,False,False,True
148,189.81310844945875,141.66,38.53,2.96,10.13,4,True,False,False,False,False,False,False,False,True,False
149,138.4884010949245,531.11,3.21,0.84,56.19,1,True,False,True,False,False,False,False,False,False,False
150,71.42557258381966,247.79,32.82,4.57,10.06,2,True,False,False,False,False,False,False,False,False,True
151,99.17843572831076,1007.85,3.43,5.78,59.23,4,True,False,True,False,False,False,False,False,False,False
152,129.45669457643797,138.81,12.91,14.61,0.04,1,False,False,False,False,False,False,False,False,False,False
153,4.292438856470245,691.15,3.46,1.65,53.93,2,True,False,False,False,False,False,True,False,False,False
154,116.40390736586107,144.28,39.63,8.81,14.59,4,True,False,False,False,False,False,False,True,False,False
155,156.61838216605153,15.79,11.89,5.08,3.75,4,True,False,False,False,False,False,False,False,False,True
156,126.8862847588765,275.18,5.41,7.9,0.73,2,False,False,True,False,False,False,False,False,False,False
157,62.57065436475084,497.71,3.73,18.85,8.09,2,True,False,True,False,False,False,False,False,False,False
158,118.8673947229612,891.7,3.0,4.97,31.36,4,True,True,False,False,False,False,False,False,False,False
159,134.9025747601323,473.41,9.91,1.84,6.57,4,True,False,False,False,False,False,False,False,True,False
160,136.69982725834822,219.66,24.36,5.33,1.32,2,True,True,False,False,False,False,False,False,False,False
161,97.96499388550244,1337.71,3.84,8.48,0.95,6,True,False,False,False,False,False,False,False,False,True
162,136.34107735928959,34.97,2.73,30.32,4.95,2,True,True,False,False,False,False,False,False,False,False
163,185.50722562917966,64.15,6.14,0.27,29.33,2,True,False,False,False,False,True,False,False,False,False
164,32.04070445099482,791.49,98.51,5.8,91.51,1,False,True,False,False,False,False,False,False,False,False
165,184.224312079344,84.91,28.31,9.9,41.53,6,True,False,True,False,False,False,False,False,False,False
166,82.50094454046454,409.99,13.61,1.96,8.77,4,True,False,False,False,False,False,False,False,False,True
167,35.91426810681471,106.87,0.88,7.28,5.67,4,True,False,False,False,False,False,False,False,False,True
168,15.37640910747125,164.76,33.58,17.87,220.14,2,True,False,False,False,False,False,True,False,False,False
169,15.76829317391608,215.98,52.66,6.25,32.32,2,True,False,False,False,False,False,False,True,False,False
170,157.98023371033176,339.38,5.75,10.19,363.36,6,True,False,True,False,False,False,False,False,False,False
171,150.26164194848351,2029.33,25.08,0.61,54.0,1,True,False,False,False,False,False,True,False,False,False
172,11.673827494308785,9.26,17.44,8.16,10.81,6,True,False,False,False,False,False,False,False,True,False
173,151.64437290508508,26.16,32.73,1.32,0.73,2,True,False,False,False,False,False,False,False,True,False
174,105.75814110658303,50.94,37.18,0.5,10.84,1,False,True,False,False,False,False,False,False,False,False
175,113.92105946475913,726.23,42.72,1.62,19.19,6,True,False,False,False,False,False,True,False,False,False
176,38.79412549702031,198.98,87.68,0.39,39.12,4,True,False,False,False,False,False,False,False,False,True
177,134.00063158938914,203.16,16.61,54.33,0.59,4,False,False,False,False,False,False,False,False,False,False
178,192.03158571260803,110.86,17.28,10.33,60.57,4,False,False,True,False,False,False,False,False,False,False
179,3.0609427272018657,97.03,30.56,38.63,0.02,4,True,False,False,False,False,False,False,False,False,False
180,105.95514622813388,90.95,15.03,5.32,19.29,1,True,True,False,False,False,False,False,False,False,False
181,60.89026403736061,515.49,5.88,13.29,13.96,1,True,False,False,False,True,False,False,False,False,False
182,106.93815989160387,338.71,59.94,12.26,30.72,4,False,True,False,False,False,False,False,False,False,False
183,140.09085681761306,580.33,22.17,3.77,9.22,4,True,False,False,False,False,False,False,False,True,False
184,115.45129606246394,245.53,4.92,22.74,82.39,6,False,False,True,False,False,False,False,False,False,False
185,74.13807973760952,653.9,111.8,5.04,0.36,6,True,False,False,False,False,False,False,False,True,False
186,67.51680821867043,299.32,9.58,2.5,125.5,6,True,False,True,False,False,False,False,False,False,False
187,19.884759112522563,290.1,4.43,1.05,40.64,4,False,True,False,False,False,False,False,False,False,False
188,58.94885506547907,336.52,1.05,1.89,5.22,2,False,False,False,False,True,False,False,False,False,False
189,178.73446052595608,96.49,37.38,3.93,1.24,6,True,False,False,False,False,False,False,False,True,False
190,56.983865630432824,431.28,14.69,4.17,32.79,2,True,False,False,False,False,False,True,False,False,False
191,32.64717126234225,81.56,33.08,2.34,11.2,4,True,True,False,False,False,False,False,False,False,False
192,54.24089641315699,777.37,101.73,2.52,5.12,4,True,False,False,True,False,False,False,False,False,False
193,194.3980488290558,449.22,96.11,4.6,6.58,2,True,False,False,False,False,False,False,True,False,False
194,58.70454836499761,114.0,113.65,3.1,26.36,4,False,False,False,False,True,False,False,False,False,False
195,169.55312598299358,54.81,12.49,8.26,12.53,6,False,True,False,False,False,False,False,False,False,False
196,102.78659992159295,75.89,22.51,8.18,17.64,6,True,False,False,False,False,True,False,False,False,False
197,97.55928565915552,1045.21,5.12,1.79,70.69,4,False,False,False,False,False,True,False,False,False,False
198,54.49231468640267,353.58,12.82,1.02,6.39,1,True,False,False,False,False,False,True,False,False,False
199,149.9152252484373,225.36,23.06,7.59,21.57,4,False,False,True,False,False,False,False,False,False,False
200,122.6211403160206,920.73,9.91,38.66,0.36,4,True,False,False,True,False,False,False,False,False,False
201,134.36167686977478,1375.2,18.79,27.83,29.6,2,False,False,False,False,False,True,False,False,False,False
202,82.71673786386111,31.65,5.42,6.69,13.25,6,True,False,False,False,False,False,False,False,False,True
203,130.55254048804386,93.5,39.28,2.57,23.68,4,False,True,False,False,False,False,False,False,False,False
204,23.721584794971736,367.3,89.84,6.96,73.35,2,False,False,True,False,False,False,False,False,False,False
205,183.58161500171371,953.06,10.38,0.26,13.3,4,False,True,False,False,False,False,False,False,False,False
206,76.59299539990037,359.0,1.65,1.11,20.55,4,True,False,True,False,False,False,False,False,False,False
207,23.382203466037428,1279.53,19.56,1.08,18.2,4,True,False,False,False,False,False,False,True,False,False
208,79.45765111633035,1767.53,9.96,4.16,70.4,4,True,False,False,False,False,False,False,True,False,False
209,88.46807506534157,581.04,38.52,0.1,82.85,1,True,False,True,False,False,False,False,False,False,False
210,88.8885806515328,491.01,33.94,6.08,5.45,4,False,False,False,True,False,False,False,False,False,False
211,107.526373803284,126.96,19.11,18.17,0.18,4,False,False,False,False,False,False,False,False,False,False
212,149.56851261836496,105.95,55.8,0.07,7.55,2,True,False,False,False,False,False,False,False,False,True
213,39.92454272067238,396.37,16.85,2.48,0.27,1,True,False,False,False,False,False,False,False,False,False
214,70.74157249019906,0.14,18.12,11.15,87.34,2,True,False,False,False,True,False,False,False,False,False
215,25.393717422939122,191.78,9.17,0.65,66.69,1,False,False,True,False,False,False,False,False,False,False
216,87.2021243283008,167.09,7.7,30.73,12.87,6,False,False,False,True,False,False,False,False,False,False
217,5.430587758072417,299.14,3.17,0.4,32.4,4,False,False,False,False,True,False,False,False,False,False
218,131.28122215340616,448.59,181.98,36.47,12.03,6,True,False,False,False,False,False,True,False,False,False
219,159.67647408798993,56.91,107.12,1.91,0.8,4,True,False,False,False,False,False,False,False,False,True
220,72.33386581932827,357.15,39.67,2.24,38.63,4,False,False,True,False,False,False,False,False,False,False
221,165.8958086101377,818.53,4.97,1.25,31.59,4,True,False,False,False,True,False,False,False,False,False
222,150.95359226646383,138.64,17.79,8.52,6.82,2,True,False,False,False,False,False,False,False,False,True
223,175.31236107803846,23.84,54.51,0.63,0.59,6,True,True,False,False,False,False,False,False,False,False
224,66.81849431876849,310.1,48.58,35.01,40.12,4,True,False,False,False,False,False,False,True,False,False
225,64.94310871212502,66.16,10.45,1.07,8.81,2,True,False,False,False,False,False,True,False,False,False
226,57.477397963907976,98.76,7.28,16.56,1.15,4,False,False,False,False,False,False,False,False,False,False
227,157.6401787804031,178.95,22.59,4.04,7.04,2,True,False,False,False,False,False,True,False,False,False
228,79.23864880494013,436.03,7.66,22.3,23.03,4,True,False,False,False,False,True,False,False,False,False
229,145.5596559115496,478.18,89.41,0.58,9.66,4,False,False,False,False,True,False,False,False,False,False
230,174.98516210024027,529.26,7.54,6.94,25.21,4,True,False,False,False,False,True,False,False,False,False
231,90.56337158717487,409.03,71.58,5.73,125.66,2,True,False,True,False,False,False,False,False,False,False
232,110.25592046057851,715.66,8.98,1.97,0.93,4,True,False,False,False,False,False,False,False,False,True
233,88.25754704399779,73.91,35.05,2.09,14.68,6,True,False,False,False,False,False,False,False,False,True
234,75.92636400021189,129.03,51.57,7.66,6.05,4,True,False,False,False,True,False,False,False,False,False
235,180.8407911614839,600.24,51.08,18.07,5.91,4,True,False,False,True,False,False,False,False,False,False
236,93.26096822824384,20.81,33.92,5.44,18.54,4,True,False,False,False,True,False,False,False,False,False
237,85.71659934408825,487.86,142.22,5.21,1.09,6,True,False,False,False,False,False,False,False,True,False
238,124.29652651364988,82.32,16.44,2.86,16.22,2,False,True,False,False,False,False,False,False,False,False
239,31.73593001172753,65.52,2.67,0.07,0.51,2,False,False,False,True,False,False,False,False,False,False
240,32.94889555837983,65.69,7.99,9.23,14.52,4,True,True,False,False,False,False,False,False,False,False
241,169.22185478521888,227.88,21.19,15.05,83.9,4,False,False,False,False,False,False,False,True,False,False
242,153.36626722441923,0.59,18.82,58.0,16.44,2,True,False,False,True,False,False,False,False,False,False
243,57.7235859744501,180.52,12.4,24.65,5.08,2,True,False,False,True,False,False,False,False,False,False
244,40.485435334861975,196.68,2.28,9.12,2.17,1,True,False,False,False,False,False,False,False,False,True
245,53.98905374368988,335.43,23.88,2.77,38.18,6,True,False,False,False,False,False,False,False,False,True
246,53.230945359293976,836.95,32.82,59.04,0.32,2,False,False,False,False,False,False,False,False,False,False
247,106.54535510647098,128.3,14.75,3.01,16.34,4,True,False,False,False,False,False,False,True,False,False
248,73.46340205286755,539.78,14.84,17.29,21.55,2,False,False,False,False,False,False,True,False,False,False
249,64.23474065236995,89.72,10.83,2.26,4.52,2,True,False,False,False,False,False,False,False,False,True
250,95.31666629824718,111.1,37.55,6.6,239.57,2,False,False,False,False,True,False,False,False,False,False
251,111.22472870836931,240.52,19.5,5.64,2.44,4,True,False,False,False,False,False,False,True,False,False
252,180.67908890427194,208.31,84.21,4.99,43.5,6,True,False,False,False,False,False,True,False,False,False
253,133.63922701727753,51.19,39.96,8.11,18.31,4,True,False,False,False,False,False,False,False,True,False
254,188.063267845513,57.63,7.79,4.95,3.75,4,True,False,False,False,False,False,False,False,False,True
255,22.006807477698494,43.91,48.16,4.58,7.92,4,False,True,False,False,False,False,False,False,False,False
256,23.04107878341183,293.36,19.16,9.4,1.32,2,False,False,False,False,False,False,False,True,False,False
257,7.0167327837770745,170.12,17.63,4.1,0.91,1,False,False,False,False,False,False,False,False,False,False
258,40.205341588450146,766.01,9.43,0.82,66.71,1,False,False,False,False,False,True,False,False,False,False
259,96.74600134305533,94.27,383.06,5.98,39.61,1,True,False,False,False,False,False,False,False,True,False
260,93.46728277020351,561.44,43.26,0.14,96.27,6,False,False,True,False,False,False,False,False,False,False
261,29.258449725690625,799.39,23.14,3.33,19.75,1,False,False,False,False,False,False,True,False,False,False
262,166.7296151936644,215.03,8.86,1.1,3.77,1,True,False,True,False,False,False,False,False,False,False
263,157.47004964432287,156.0,20.96,10.28,77.39,1,True,False,False,False,False,True,False,False,False,False
264,113.53731837688723,310.52,12.54,3.21,1.6,6,False,False,True,False,False,False,False,False,False,False
265,186.46725973182308,63.05,10.13,5.18,15.16,6,False,False,False,False,True,False,False,False,False,False
266,195.18449986569973,868.76,46.47,2.68,23.05,1,True,False,False,False,True,False,False,False,False,False
267,145.0337665362856,77.75,21.41,3.51,3.12,4,True,False,False,False,False,False,False,False,False,True
268,166.8961914289131,54.39,61.77,8.77,12.89,4,True,False,False,False,False,False,False,True,False,False
269,39.3607958801038,1075.91,3.67,15.1,45.62,4,True,False,False,False,False,True,False,False,False,False
270,50.158069301656,42.01,12.0,11.7,1.32,1,False,False,False,False,False,False,False,False,False,False
271,143.6279357235879,296.23,8.84,5.1,0.68,6,False,False,False,False,False,False,False,False,False,False
272,65.41379010238155,283.72,34.05,1.63,0.92,6,True,False,False,False,True,False,False,False,False,False
273,186.62708749560764,143.51,6.17,0.54,5.0,4,True,False,False,False,False,False,False,True,False,False
274,59.67957584227456,580.94,23.16,20.99,5.63,6,True,False,False,True,False,False,False,False,False,False
275,65.88323822920918,20.98,1.26,9.8,0.82,1,False,False,False,False,False,False,False,False,False,False
276,109.67312925679047,602.74,28.03,2.92,5.8,1,False,True,False,False,False,False,False,False,False,False
277,189.01846964683926,1471.33,86.51,0.79,0.58,1,True,False,False,False,False,False,False,False,True,False
278,176.45578480383102,651.82,63.66,5.25,52.18,6,True,False,False,False,False,False,True,False,False,False
279,139.02330993451912,617.84,16.31,4.25,9.59,1,True,False,True,False,False,False,False,False,False,False
280,66.11750451501942,10.21,44.63,17.74,13.51,4,True,False,False,False,False,False,False,True,False,False
281,7.520450163000477,155.8,8.27,9.78,11.55,6,False,True,False,False,False,False,False,False,False,False
282,178.4095958027558,446.58,0.44,0.05,37.28,4,False,False,True,False,False,False,False,False,False,False
283,181.1640353404364,439.11,38.45,2.72,15.7,1,True,False,False,False,False,False,False,True,False,False
284,97.35619890137446,781.15,3.91,0.39,21.41,4,True,False,False,False,False,False,False,True,False,False
285,121.31220882011367,54.97,3.72,7.26,1.08,4,True,False,False,False,False,False,False,False,False,True
286,158.48980963973506,1428.47,19.25,0.13,31.58,4,False,False,True,False,False,False,False,False,False,False
287,166.22951675325174,241.0,16.83,16.4,1.02,2,False,False,False,False,False,False,False,False,False,False
288,81.20180140465418,597.55,19.65,6.19,6.63,6,True,False,False,False,True,False,False,False,False,False
289,162.04009306143743,458.53,28.89,6.32,92.01,1,False,True,False,False,False,False,False,False,False,False
290,184.86618062918225,805.11,194.26,45.95,4.03,4,True,False,False,True,False,False,False,False,False,False
291,181.80988466415434,12.24,37.13,3.39,0.28,1,True,False,False,False,False,False,False,False,False,True
292,152.16169632217742,542.56,7.52,7.82,40.74,4,True,False,False,False,False,False,False,True,False,False
293,167.89436219428137,1402.99,2.13,4.01,19.75,6,True,False,True,False,False,False,False,False,False,False
294,99.98437089995754,516.76,13.59,2.96,50.19,4,False,False,True,False,False,False,False,False,False,False
295,189.17749617567003,442.15,5.62,0.79,59.69,2,True,False,False,False,False,False,True,False,False,False
296,84.43573664353654,239.9,51.13,131.39,3.38,2,True,False,False,True,False,False,False,False,False,False
297,139.37949407110523,504.2,27.24,0.77,8.58,2,False,False,False,False,False,True,False,False,False,False
298,163.3850208673364,720.31,6.88,0.76,17.24,4,True,False,False,False,False,True,False,False,False,False
299,74.81051780872112,71.97,16.94,0.95,3.37,2,True,False,False,False,False,False,False,False,False,True
300,125.96362770259917,0.3,5.19,0.96,1.51,4,False,False,False,False,False,False,False,False,False,False
301,21.65826218574174,69.01,39.17,39.54,0.17,4,False,False,False,False,False,False,False,False,False,False
302,81.63569032999311,452.39,89.19,3.73,18.72,4,False,False,False,False,False,False,True,False,False,False
303,182.29371508037462,414.54,17.84,1.23,7.5,6,True,False,False,False,False,False,False,False,True,False
304,156.10655962036748,481.88,12.74,1.34,51.9,1,True,False,True,False,False,False,False,False,False,False
305,143.09943918230826,306.9,19.65,10.34,28.37,2,True,False,False,False,False,False,False,True,False,False
306,112.57586702565953,158.84,19.75,12.66,10.07,4,False,True,False,False,False,False,False,False,False,False
307,175.80273656768762,71.71,51.87,9.8,15.1,4,True,False,False,False,False,True,False,False,False,False
308,167.22915967048442,70.53,17.09,10.64,0.87,6,False,False,False,False,False,False,False,False,False,False
309,123.5529447515952,1295.21,34.77,0.75,171.22,2,True,False,False,False,False,True,False,False,False,False
310,88.67841935169379,908.63,42.53,1.21,46.13,4,True,False,False,False,False,False,False,True,False,False
311,159.50715057394774,278.35,22.25,1.51,17.9,1,True,False,True,False,False,False,False,False,False,False
312,142.74670753072314,372.33,11.65,5.53,34.21,2,True,False,False,False,False,False,False,True,False,False
313,193.92561261088764,92.61,1.35,3.59,0.04,6,True,False,False,False,False,False,False,False,False,False
314,40.764832175487456,612.64,38.55,10.06,5.65,6,True,False,False,True,False,False,False,False,False,False
315,156.44784341391886,66.03,22.47,4.94,1.78,2,True,False,False,False,False,False,False,False,False,True
316,55.992095199101136,25.83,0.13,2.24,28.6,6,False,False,True,False,False,False,False,False,False,False
317,80.9845381151798,858.67,5.07,7.47,1.84,1,True,False,False,False,True,False,False,False,False,False
318,94.90683910803577,1251.42,12.28,0.17,0.59,4,True,False,False,False,True,False,False,False,False,False
319,110.64381842530423,536.42,8.87,2.08,38.47,4,True,False,True,False,False,False,False,False,False,False
320,193.4527500050971,643.99,31.56,2.3,57.14,2,True,False,False,False,False,True,False,False,False,False
321,24.05926372264817,74.56,47.47,16.36,45.15,4,True,False,False,False,False,False,False,True,False,False
322,190.76505319275464,219.25,3.19,5.82,12.75,4,True,False,False,False,False,False,False,False,False,True
323,137.23730174534955,184.4,4.82,4.14,33.31,4,False,False,True,False,False,False,False,False,False,False
324,28.310110996591185,61.78,13.87,10.68,0.72,2,False,False,False,False,False,False,False,False,False,False
325,105.16631319812795,110.07,4.07,9.1,8.88,6,True,False,False,False,False,False,False,False,True,False
326,59.922424836844435,699.44,56.65,3.2,3.48,4,True,False,False,False,False,False,False,False,False,True
327,77.25750883539449,575.07,69.94,1.18,1.8,1,True,False,False,False,False,False,False,False,False,True
328,110.83757969829898,94.04,5.17,0.68,0.01,2,False,False,False,False,False,False,False,False,False,False
329,165.22764640083008,263.94,0.98,7.41,13.08,4,True,False,False,False,False,False,False,True,False,False
330,3.6906958186621543,27.05,1.85,0.8,0.53,4,False,False,False,False,False,False,False,False,False,False
331,176.94498481376004,41.92,25.28,1.95,14.62,2,True,False,True,False,False,False,False,False,False,False
332,136.16157174616393,426.27,14.98,9.75,4.48,2,False,True,False,False,False,False,False,False,False,False
333,135.44267355723272,241.33,32.19,1.43,1.0,2,True,False,False,False,False,False,False,False,False,True
334,168.22659815421622,1045.25,73.99,0.53,34.94,1,True,False,False,False,False,True,False,False,False,False
335,115.64204935038859,374.35,15.19,9.22,2.49,2,True,False,False,True,False,False,False,False,False,False
336,124.85313800162064,46.34,18.24,0.15,1.58,4,True,False,False,False,False,False,False,False,False,True
337,185.0265188937028,399.59,56.13,5.77,4.81,2,False,False,False,True,False,False,False,False,False,False
338,177.92188794154532,1078.33,13.48,11.42,136.65,6,True,False,False,False,False,False,False,True,False,False
339,80.54936897647787,592.12,27.54,2.97,21.88,4,False,False,False,False,True,False,False,False,False,False
340,95.72584699607117,134.48,45.5,37.08,0.2,4,False,False,True,False,False,False,False,False,False,False
341,193.29503407158688,576.38,15.98,0.54,36.23,2,False,False,False,False,False,False,False,True,False,False
342,118.11141852108491,259.32,90.65,3.8,85.81,1,True,False,False,False,False,False,True,False,False,False
343,89.30835725849329,87.17,13.21,0.39,158.81,4,False,False,False,False,False,True,False,False,False,False
344,197.3803578171571,324.12,28.42,7.79,12.47,2,True,False,False,False,False,True,False,False,False,False
345,46.217720895721776,72.71,38.4,4.37,7.44,4,False,True,False,False,False,False,False,False,False,False
346,81.41885181852663,0.76,1.9,3.76,0.05,2,True,False,False,False,False,False,False,False,False,True
347,157.29985255850858,988.66,102.72,3.2,17.35,4,False,True,False,False,False,False,False,False,False,False
348,199.25534694323852,262.29,60.13,72.49,5.07,4,True,False,False,True,False,False,False,False,False,False
349,18.793841634818733,264.62,1.5,18.44,32.62,4,False,False,True,False,False,False,False,False,False,False
350,195.65580778666038,109.21,7.37,15.64,0.5,1,False,False,False,False,False,False,False,False,False,False
351,106.15201664890769,64.36,11.28,12.47,20.87,4,True,False,False,False,False,False,False,False,True,False
352,8.01374366563898,274.63,23.49,1.56,2.57,4,True,False,False,False,False,False,False,False,True,False
353,127.43869261105206,135.85,23.89,12.38,14.89,1,True,False,False,False,False,False,False,False,True,False
354,176.78197379065034,481.51,5.99,5.43,28.51,4,True,False,False,False,False,True,False,False,False,False
355,168.72449780614906,129.07,37.3,2.09,31.57,2,True,False,False,False,False,False,False,True,False,False
356,42.42701753211699,177.84,10.67,2.21,3.02,2,True,False,False,False,True,False,False,False,False,False
357,92.64101523448213,552.83,39.55,3.61,48.54,4,True,False,False,False,False,False,False,False,True,False
358,16.15686533920511,617.11,23.1,32.83,45.89,6,False,True,False,False,False,False,False,False,False,False
359,117.73276147788235,286.7,29.92,2.8,28.07,4,True,True,False,False,False,False,False,False,False,False
360,60.16491570893539,61.8,6.28,0.72,15.46,4,False,False,False,False,False,False,False,False,False,True
361,167.56188297846393,179.24,265.09,0.15,45.29,6,True,False,False,False,False,False,True,False,False,False
362,171.53575906840106,374.75,3.42,18.07,25.39,1,True,False,False,False,False,False,True,False,False,False
363,113.3452686513347,48.93,65.68,1.62,9.55,4,True,False,False,False,False,True,False,False,False,False
364,73.68854562297953,791.99,56.12,2.47,2.77,4,True,False,False,False,False,False,False,False,True,False
365,151.98932747519297,813.82,33.77,1.68,1.01,4,False,False,True,False,False,False,False,False,False,False
366,116.2136154783671,403.7,1.97,13.94,1.08,4,False,True,False,False,False,False,False,False,False,False
367,185.18680576387598,128.46,151.69,8.12,0.76,4,False,False,False,True,False,False,False,False,False,False
368,143.45185010758556,212.4,19.2,2.25,23.78,2,False,True,False,False,False,False,False,False,False,False
369,132.552840675417,879.61,0.03,8.34,7.83,4,True,False,True,False,False,False,False,False,False,False
370,28.943568231429563,1105.15,6.63,3.79,71.51,1,False,False,True,False,False,False,False,False,False,False
371,19.159872926983233,44.81,4.62,0.4,5.9,4,True,False,False,False,False,False,False,False,False,True
372,111.61138215745923,76.28,119.63,0.41,17.79,4,True,False,False,False,True,False,False,False,False,False
373,116.02320873048274,452.51,2.86,9.5,16.78,2,False,False,True,False,False,False,False,False,False,False
374,147.48195520256888,26.14,48.43,1.98,30.48,4,True,False,False,False,True,False,False,False,False,False
375,147.13313732678398,368.09,6.7,0.68,8.16,1,False,False,False,False,True,False,False,False,False,False
376,137.77400048586972,372.27,81.52,3.77,22.74,4,True,False,False,False,False,False,True,False,False,False
377,47.54424768128028,959.51,4.4,44.54,12.12,1,False,False,False,True,False,False,False,False,False,False
378,13.77286099681833,56.29,22.35,11.38,34.79,4,True,False,False,False,False,False,True,False,False,False
379,163.5528487755821,1044.25,30.87,3.7,5.37,4,True,False,False,False,False,False,False,False,True,False
380,52.21398219997356,311.39,43.2,1.13,3.36,1,True,False,False,False,False,False,False,False,False,True
381,135.62252986558033,213.0,55.84,11.98,1.19,4,True,False,True,False,False,False,False,False,False,False
382,4.871198980275752,183.94,47.95,9.75,46.71,4,False,False,True,False,False,False,False,False,False,False
383,62.33161422124597,1243.9,74.77,0.75,8.2,2,False,False,False,False,True,False,False,False,False,False
384,165.56185211528964,399.26,96.71,8.6,52.0,4,True,False,False,False,False,False,False,True,False,False
385,26.7038083816103,187.87,55.51,9.99,86.09,4,False,False,False,False,False,False,True,False,False,False
386,29.88462789107082,2508.47,18.11,10.6,84.23,4,False,False,True,False,False,False,False,False,False,False
387,30.195966282191726,38.22,13.09,3.8,2.09,1,False,False,False,False,False,False,False,False,False,False
388,141.68657445104282,1.56,59.87,6.57,35.0,4,True,False,False,False,False,False,False,True,False,False
389,179.70774777345517,550.71,11.53,0.35,0.0,2,True,False,False,False,False,False,False,False,True,False
390,60.40705091820625,62.59,23.96,6.25,30.83,6,False,False,False,False,False,False,True,False,False,False
391,104.37529697366563,2.14,20.11,0.16,1.42,4,False,False,False,False,False,False,False,False,False,False
392,116.59408471670227,182.76,530.42,5.8,5.01,4,True,False,False,False,False,False,False,False,True,False
393,95.52133716049221,958.28,50.02,0.98,9.27,6,True,True,False,False,False,False,False,False,False,False
394,191.39870717913055,166.85,159.72,2.8,21.47,4,False,True,False,False,False,False,False,False,False,False
395,102.58737900167446,235.91,43.2,41.24,4.27,1,True,False,False,True,False,False,False,False,False,False
396,118.67856714091636,349.29,6.18,1.92,25.18,2,True,False,False,False,False,False,False,False,False,True
397,179.05910697272972,502.89,3.44,3.9,0.1,6,False,False,False,False,False,False,False,False,False,False
398,156.95925402816138,716.84,15.12,4.17,2.25,6,True,False,False,False,False,False,False,False,True,False
399,112.76839854720217,11.73,17.57,6.07,0.91,4,False,False,False,False,False,False,False,False,False,False
400,103.38341296283973,275.96,29.94,13.22,7.49,1,True,False,True,False,False,False,False,False,False,False
401,75.25758264970352,208.87,32.34,7.41,6.42,6,False,False,True,False,False,False,False,False,False,False
402,129.09065236178424,229.68,10.72,5.74,1.34,4,True,False,False,False,False,False,False,False,False,True
403,138.84509152637256,220.68,4.86,2.98,18.9,4,True,False,False,False,False,False,False,False,False,True
404,155.59411625228645,1271.9,50.13,16.8,19.44,2,True,False,False,False,False,False,False,True,False,False
405,141.50960113516444,10.6,64.88,1.62,23.77,2,False,False,False,False,True,False,False,False,False,False
406,164.39103603427986,425.75,162.11,0.64,7.73,6,True,False,False,False,True,False,False,False,False,False
407,94.70168157730724,288.55,142.28,50.17,0.47,4,False,False,False,True,False,False,False,False,False,False
408,199.41130075625878,164.86,1.62,7.57,48.35,4,True,False,False,False,False,False,False,True,False,False
409,196.1266958343326,124.67,22.33,0.61,1.31,4,True,False,False,False,False,False,False,False,True,False
410,87.8359367749294,1706.75,24.59,5.35,39.53,4,True,False,False,False,False,True,False,False,False,False
411,183.25995419462163,108.55,42.6,1.04,1.96,4,True,False,False,False,False,False,False,False,False,True
412,118.48962878348686,1179.5,0.31,13.7,1.42,4,True,False,False,False,False,False,True,False,False,False
413,193.7680392076988,116.69,19.94,9.75,3.01,2,True,False,False,False,False,False,False,False,False,True
414,126.3329886140911,1110.54,27.97,3.96,28.65,4,True,False,False,False,False,False,True,False,False,False
415,171.37086426761053,197.73,224.16,2.97,1.26,2,True,False,False,False,False,False,False,False,True,False
416,158.99878081219055,249.33,69.42,7.91,11.29,4,True,False,False,True,False,False,False,False,False,False
417,172.19475328432344,217.78,0.62,4.51,0.46,6,True,False,False,False,False,False,False,False,False,True
418,152.50621784758093,338.77,13.88,1.69,0.24,2,False,False,False,False,False,False,False,False,False,False
419,143.80394166759842,902.54,6.5,7.17,41.6,2,True,False,False,False,False,False,False,True,False,False
420,68.44381221959317,166.44,0.53,29.68,4.86,6,True,False,False,True,False,False,False,False,False,False
421,93.67343014889616,532.01,31.76,1.44,17.96,4,True,False,False,False,True,False,False,False,False,False
422,12.5275485960775,82.73,3.17,7.95,26.04,4,False,True,False,False,False,False,False,False,False,False
423,56.73651561359688,607.13,23.0,39.52,26.15,4,True,True,False,False,False,False,False,False,False,False
424,36.49671060156712,113.84,37.57,1.21,21.31,4,False,False,True,False,False,False,False,False,False,False
425,37.075832729120926,356.64,1.24,54.47,0.48,4,False,False,False,False,False,False,False,False,False,False
426,63.523510035863175,278.05,9.85,12.93,26.75,6,True,False,True,False,False,False,False,False,False,False
427,91.39650850232513,49.5,66.64,4.69,53.33,4,False,True,False,False,False,False,False,False,False,False
428,182.93808436433022,23.62,49.82,4.97,5.53,4,True,False,False,False,False,False,False,False,False,True
429,166.39627796264654,712.27,23.3,8.39,54.51,2,True,False,True,False,False,False,False,False,False,False
430,73.91343774802199,1550.2,72.86,1.49,40.33,4,True,False,True,False,False,False,False,False,False,False
431,130.3701357349422,539.11,13.46,0.83,13.39,4,True,False,True,False,False,False,False,False,False,False
432,168.8903436260781,548.43,127.12,8.71,24.1,2,False,False,True,False,False,False,False,False,False,False
433,190.1306192840287,70.25,28.84,4.54,3.96,4,False,True,False,False,False,False,False,False,False,False
434,47.015265576995006,160.08,14.21,10.22,3.81,4,True,False,False,False,False,False,False,False,True,False
435,57.23082545865578,76.08,13.95,8.59,1.05,4,False,False,False,False,False,False,False,False,False,False
436,128.9074876627295,264.13,39.05,2.97,23.04,4,True,False,True,False,False,False,False,False,False,False
437,194.0831386377859,779.72,24.92,1.62,22.45,4,True,False,False,False,False,False,False,True,False,False
438,127.80647429871219,217.57,8.43,7.26,78.47,4,False,False,True,False,False,False,False,False,False,False
439,141.3325460741226,815.86,68.71,0.98,66.9,2,True,False,True,False,False,False,False,False,False,False
440,190.60651800889187,282.57,9.87,1.9,0.16,4,False,False,False,False,False,False,False,False,False,False
441,154.05302561091975,16.87,61.77,5.91,10.32,1,True,True,False,False,False,False,False,False,False,False
442,135.80229819922553,61.82,15.63,5.23,19.06,4,False,False,False,False,False,False,False,True,False,False
443,173.67409440542923,1270.46,10.74,2.19,51.99,4,True,False,False,False,False,False,False,True,False,False
444,137.05823003643079,148.17,39.47,0.16,14.83,4,False,False,False,False,True,False,False,False,False,False
445,182.61600487326655,633.79,228.67,1.1,4.14,4,True,False,False,False,False,False,False,False,True,False
446,24.729669844993303,2122.24,25.99,0.52,81.37,1,True,False,False,False,False,False,False,True,False,False
447,198.94330365201236,47.74,5.33,0.87,17.42,4,True,False,True,False,False,False,False,False,False,False
448,122.80770950985382,208.66,15.21,1.6,12.43,2,False,False,True,False,False,False,False,False,False,False
449,152.67837080754782,269.46,70.53,6.52,23.25,4,True,False,False,False,False,False,False,False,True,False
450,34.14608452876721,662.78,47.61,4.08,2.39,1,True,False,False,False,False,True,False,False,False,False
451,87.41358244587138,179.45,15.19,2.23,2.53,1,True,False,False,False,False,False,False,False,True,False
452,20.243756034346912,576.89,4.79,20.92,4.29,2,False,False,False,False,False,False,True,False,False,False
453,27.027759473503426,160.05,42.45,1.6,44.38,2,True,False,False,False,False,False,True,False,False,False
454,185.82744083903413,17.7,78.46,23.19,0.22,2,False,False,False,True,False,False,False,False,False,False
455,17.303940182324233,575.63,20.71,0.2,6.24,6,True,True,False,False,False,False,False,False,False,False
456,106.74182399633337,71.87,31.44,1.34,32.45,2,False,False,True,False,False,False,False,False,False,False
457,130.73485128070692,493.26,3.1,5.43,17.35,2,False,True,False,False,False,False,False,False,False,False
458,79.89499390558265,33.36,33.62,19.04,13.24,4,False,True,False,False,False,False,False,False,False,False
459,161.19741522383362,112.46,15.54,4.33,26.1,4,True,False,False,False,True,False,False,False,False,False
460,149.74190599867623,541.86,53.39,1.1,8.41,4,True,False,False,False,False,False,False,False,False,True
461,111.99754300203769,187.41,19.12,86.97,4.49,6,False,False,False,True,False,False,False,False,False,False
462,90.77191881234702,31.75,16.71,1.02,23.14,1,False,True,False,False,False,False,False,False,False,False
463,128.72422692254884,463.52,5.19,17.61,0.42,1,False,False,False,False,False,False,False,False,False,False
464,163.88831379814312,113.37,4.9,1.29,17.08,6,True,False,False,False,False,False,False,True,False,False
465,122.24768755180544,394.55,50.96,2.45,66.4,1,False,False,True,False,False,False,False,False,False,False
466,179.22134855669168,328.47,6.01,3.9,33.17,4,False,False,True,False,False,False,False,False,False,False
467,186.30738125979784,406.57,8.78,0.09,0.61,6,False,False,False,True,False,False,False,False,False,False
468,63.997984519159594,52.32,2.84,2.96,88.21,4,True,False,False,False,False,True,False,False,False,False
469,164.2235251792208,915.15,44.8,8.97,14.27,4,True,False,False,False,False,False,False,False,True,False
470,150.78071470670818,1580.48,16.2,8.67,10.55,4,False,False,False,False,False,True,False,False,False,False
471,170.54550789571715,1203.79,46.46,1.26,7.99,4,False,False,False,False,False,False,True,False,False,False
472,10.798735846658506,1090.75,4.65,0.69,3.49,6,True,False,False,False,False,True,False,False,False,False
473,181.0024399459714,7.63,38.99,5.21,0.64,4,True,False,False,False,False,False,False,False,False,True
474,80.11333645485306,457.35,12.74,4.83,21.43,4,True,False,True,False,False,False,False,False,False,False
475,107.13436321280736,633.87,16.11,2.47,7.25,6,False,False,False,False,True,False,False,False,False,False
476,158.65953372650702,73.3,7.73,3.95,36.47,6,True,False,False,False,False,False,False,False,False,True
477,183.42081068635457,624.57,3.46,14.41,15.7,1,False,False,True,False,False,False,False,False,False,False
478,17.680455241700237,796.89,29.1,9.63,2.28,2,False,False,False,False,True,False,False,False,False,False
479,143.27568465042782,287.32,10.24,2.32,2.18,1,False,False,False,False,False,False,False,False,False,False
480,18.425316805727988,44.55,99.82,2.62,15.57,4,False,True,False,False,False,False,False,False,False,False
481,78.58030559003257,462.41,3.49,6.71,0.93,6,True,False,False,False,False,False,False,False,False,True
482,77.47854806208663,125.95,7.85,5.38,0.83,2,False,False,False,False,False,False,False,False,False,False
483,125.03847183613681,1177.94,48.25,0.78,18.3,2,True,False,False,False,False,False,False,True,False,False
484,148.70042853507886,200.73,9.04,2.22,4.72,4,False,True,False,False,False,False,False,False,False,False
485,183.74236721985633,12.63,40.82,0.59,3.41,4,True,False,False,False,False,False,False,False,False,True
486,68.90559552646383,625.76,23.38,11.99,25.79,2,True,True,False,False,False,False,False,False,False,False
487,134.72236452496324,1440.69,30.59,5.78,30.63,6,True,False,False,False,True,False,False,False,False,False
488,88.04683453369715,406.05,128.22,18.58,15.06,2,False,True,False,False,False,False,False,False,False,False
489,177.75920876743967,1054.4,25.96,0.43,0.24,6,False,False,False,False,False,False,False,False,True,False
490,192.8216001340702,576.07,21.89,2.96,71.16,4,False,False,False,False,False,False,False,True,False,False
491,47.28002461488983,93.62,3.74,29.41,4.62,4,True,False,False,True,False,False,False,False,False,False
492,14.179467498491244,411.16,51.7,27.78,70.3,2,True,False,False,False,False,False,False,True,False,False
493,200.9683662227265,184.56,45.21,6.2,0.03,4,False,False,False,False,False,False,False,False,False,False
494,182.1324911194541,71.34,38.27,2.88,24.74,1,True,False,False,False,False,True,False,False,False,False
495,167.72815304550522,88.59,43.72,3.9,30.75,4,True,False,False,False,True,False,False,False,False,False
496,146.95861383939106,818.56,94.81,4.13,2.56,6,False,True,False,False,False,False,False,False,False,False
497,155.9358143187843,0.8,12.26,1.33,6.21,6,False,False,True,False,False,False,False,False,False,False
498,154.39598078589216,288.86,28.63,50.81,7.71,6,True,False,False,True,False,False,False,False,False,False
499,36.20590998908351,34.77,10.48,12.33,8.63,6,False,True,False,False,False,False,False,False,False,False
500,167.06270621918947,513.75,65.87,18.63,18.39,4,False,False,False,False,True,False,False,False,False,False
501,187.7444683052234,21.09,10.5,4.66,0.02,2,False,False,False,False,False,False,False,False,False,False
502,47.80793981939482,104.25,44.61,5.12,2.89,4,True,False,False,False,False,False,False,False,False,True
503,113.15309900581282,999.98,36.65,5.66,16.72,4,True,False,True,False,False,False,False,False,False,False
504,181.48706628896946,1356.45,8.6,3.33,2.23,2,True,False,False,False,False,False,False,True,False,False
505,64.47117873872945,113.97,12.54,0.64,7.93,6,True,False,False,False,False,False,False,False,False,True
506,129.27372125495032,161.81,16.8,30.56,0.14,4,False,False,False,False,False,False,False,False,False,False
507,82.06873549898661,400.37,23.75,2.21,8.54,2,False,True,False,False,False,False,False,False,False,False
508,127.07051907910274,856.4,53.27,11.63,6.4,4,True,False,False,False,False,False,False,False,False,True
509,174.82147774203037,44.15,18.62,1.65,182.63,1,True,False,False,False,False,False,False,True,False,False
510,193.61041836142323,35.81,3.38,0.07,0.12,6,False,False,False,False,False,False,False,False,False,False
511,125.2237044402172,260.15,23.07,71.52,3.22,2,True,False,False,True,False,False,False,False,False,False
512,19.523487774513324,621.54,14.16,10.7,39.69,6,True,False,True,False,False,False,False,False,False,False
513,78.79997710411917,362.89,34.63,1.2,7.48,2,True,False,False,False,False,False,False,True,False,False
514,124.48216560175274,14.96,37.05,15.71,0.01,4,False,False,False,False,False,False,False,False,False,False
515,200.81286107697028,266.61,35.77,0.97,8.07,6,True,False,False,False,False,False,False,False,True,False
516,184.06371568004852,340.31,0.41,2.29,10.55,4,True,False,True,False,False,False,False,False,False,False
517,163.72061304824064,1335.54,27.82,9.03,8.64,2,False,True,False,False,False,False,False,False,False,False
518,161.8716872958089,384.96,58.61,0.55,23.38,2,False,False,True,False,False,False,False,False,False,False
519,178.0845121141935,71.73,25.82,2.41,33.21,6,False,False,False,False,False,True,False,False,False,False
520,149.22150287073111,390.39,50.5,1.84,32.66,1,True,False,False,False,True,False,False,False,False,False
521,55.743154998318175,181.1,7.33,2.4,104.07,1,True,False,True,False,False,False,False,False,False,False
522,148.87419480945945,724.43,5.18,2.1,10.67,6,True,False,False,False,False,False,True,False,False,False
523,160.691026416432,92.44,29.29,2.6,27.19,1,False,False,True,False,False,False,False,False,False,False
524,39.0778305811453,165.2,8.24,0.4,2.5,4,False,False,True,False,False,False,False,False,False,False
525,151.12639672189977,995.98,54.44,16.15,132.87,2,False,False,True,False,False,False,False,False,False,False
526,147.83046865308518,131.92,7.94,2.42,3.56,1,True,False,False,False,False,False,False,False,False,True
527,169.88415803060042,1377.61,18.99,7.93,38.94,4,True,False,False,False,False,False,True,False,False,False
528,80.76706096889399,285.01,2.2,15.81,0.76,4,False,False,False,False,False,False,False,False,False,False
529,68.21249338591561,1292.18,89.2,14.22,80.03,4,True,False,True,False,False,False,False,False,False,False
530,115.8326867968319,125.76,9.18,0.54,85.32,2,True,False,True,False,False,False,False,False,False,False
531,175.63933434678225,100.83,162.91,0.41,5.68,6,True,False,False,False,False,False,False,False,True,False
532,96.13438594950867,110.69,58.8,45.33,1.23,6,True,False,False,True,False,False,False,False,False,False
533,145.90985929371365,1275.23,33.13,8.34,44.23,4,False,False,True,False,False,False,False,False,False,False
534,117.16393276235837,49.2,173.93,3.53,5.96,2,False,True,False,False,False,False,False,False,False,False
535,127.25465494786884,37.74,34.94,13.91,25.6,4,False,True,False,False,False,False,False,False,False,False
536,75.03417211232752,542.49,6.93,26.16,29.67,4,False,False,False,False,True,False,False,False,False,False
537,36.7866811886765,826.83,145.32,6.48,3.04,4,True,False,False,False,False,False,False,False,True,False
538,147.65624990326543,438.66,127.47,3.61,0.07,2,True,False,False,True,False,False,False,False,False,False
539,100.98844439637304,1205.68,2.78,1.24,109.92,6,False,False,False,False,False,True,False,False,False,False
540,189.33647324850094,230.27,9.26,0.43,56.8,6,True,False,False,False,False,False,True,False,False,False
541,86.14199274142285,25.91,0.82,3.3,44.76,4,False,False,True,False,False,False,False,False,False,False
542,85.50361207794373,158.46,20.62,6.3,4.75,2,True,False,False,False,False,False,False,False,False,True
543,61.85252727845336,1330.3,1.63,6.39,70.31,4,False,False,False,False,False,True,False,False,False,False
544,187.10626728876846,388.44,12.89,4.62,13.93,4,True,False,False,False,False,False,False,True,False,False
545,153.70978812094924,458.66,7.37,13.37,78.76,1,False,False,True,False,False,False,False,False,False,False
546,194.71277031252941,194.37,12.17,1.58,3.67,4,False,False,False,False,True,False,False,False,False,False
547,89.5179740356487,135.76,21.48,7.94,7.3,4,False,False,True,False,False,False,False,False,False,False
548,92.226865633674,798.39,0.86,0.5,0.4,4,True,False,False,False,False,False,False,False,False,True
549,154.73865472993953,715.14,20.37,3.27,2.47,1,False,False,False,True,False,False,False,False,False,False
550,155.76499990648588,343.96,23.79,58.88,0.41,1,True,False,False,True,False,False,False,False,False,False
551,50.93255967076755,229.58,39.93,1.09,6.66,4,True,False,False,False,False,False,False,False,True,False
552,27.671573614823593,566.2,1.72,2.54,4.24,4,True,False,False,False,False,True,False,False,False,False
553,175.475875880491,1160.95,3.69,11.83,33.12,4,False,False,True,False,False,False,False,False,False,False
554,29.572129215874924,100.0,95.89,10.2,114.6,4,False,False,False,False,True,False,False,False,False,False
555,165.72886146079603,213.77,58.08,1.59,1.19,6,False,False,False,False,False,False,False,False,False,False
556,89.0985597079074,1053.21,12.03,16.64,4.92,2,True,False,False,False,False,False,True,False,False,False
557,157.12958739568774,261.88,0.58,12.87,1.76,1,False,False,False,False,False,False,False,False,False,False
558,119.24471877332951,108.58,21.67,0.24,11.24,1,True,False,False,False,False,False,False,False,False,True
559,72.78644939046549,158.64,45.71,4.66,91.16,2,False,False,True,False,False,False,False,False,False,False
560,61.37208328059505,181.86,33.04,44.67,5.48,4,True,False,False,True,False,False,False,False,False,False
561,160.18404711723866,1348.4,152.24,0.15,2.56,2,True,False,False,False,False,False,True,False,False,False
562,200.1903939416098,186.21,83.94,1.98,22.4,4,True,False,True,False,False,False,False,False,False,False
563,14.58214892821365,574.75,13.12,1.84,13.85,4,True,False,False,False,False,False,False,False,True,False
564,77.03623774670191,682.73,31.36,5.7,3.58,2,True,False,False,False,False,False,False,False,True,False
565,46.749965438142496,190.52,2.57,0.56,1.58,6,False,False,False,False,False,False,False,False,False,False
566,190.2893011250853,88.26,18.58,5.21,99.64,6,True,False,False,False,False,True,False,False,False,False
567,48.857497050050156,96.06,51.94,2.65,13.07,6,True,True,False,False,False,False,False,False,False,False
568,189.49540093727157,161.3,35.29,3.23,3.51,6,True,False,False,False,False,False,False,False,True,False
569,131.64500372124908,133.7,50.22,0.1,32.71,6,False,False,True,False,False,False,False,False,False,False
570,95.11183381389161,23.64,102.52,14.22,61.22,4,True,False,False,False,False,False,True,False,False,False
571,183.0990454471428,86.02,31.49,1.27,6.72,6,True,False,False,False,True,False,False,False,False,False
572,49.89894182303601,94.41,25.98,23.79,1.49,4,True,False,False,True,False,False,False,False,False,False
573,41.321567159425534,46.99,24.72,2.13,10.8,4,False,True,False,False,False,False,False,False,False,False
574,171.04089848719636,878.7,7.7,3.87,35.12,6,True,False,False,False,False,False,False,True,False,False
575,109.2839677936196,237.97,3.35,1.21,5.4,6,True,False,False,False,False,False,False,False,False,True
576,146.60933698054168,45.02,8.83,0.8,3.57,1,False,True,False,False,False,False,False,False,False,False
577,101.58912866114234,877.29,16.62,37.05,21.09,4,True,False,False,False,False,False,False,True,False,False
578,74.3624728892212,160.43,11.37,0.6,0.24,6,True,False,False,False,False,False,False,False,True,False
579,192.34773556874003,309.67,23.22,10.01,7.25,1,False,False,True,False,False,False,False,False,False,False
580,188.38186752614203,642.71,12.75,2.33,35.22,2,False,False,True,False,False,False,False,False,False,False
581,112.9608090888678,402.0,47.57,0.36,0.02,6,False,False,False,False,False,False,False,False,False,False
582,152.33399306596675,131.94,1.19,1.89,0.07,4,False,False,False,False,False,False,False,False,False,False
583,116.78414785300173,1542.53,14.73,5.71,29.92,4,True,False,False,False,True,False,False,False,False,False
584,107.33043437809916,291.64,2.12,42.8,11.05,6,False,True,False,False,False,False,False,False,False,False
585,41.87560896433017,719.02,49.37,1.22,5.72,4,True,False,False,False,False,False,False,False,True,False
586,61.61247603816086,529.68,23.75,2.28,15.81,1,True,True,False,False,False,False,False,False,False,False
587,94.08522594161542,857.34,67.38,4.97,2.8,4,False,False,False,True,False,False,False,False,False,False
588,111.80452397176389,1263.15,5.14,16.54,100.46,2,True,False,False,False,False,True,False,False,False,False
589,102.38801567251367,182.21,11.66,0.91,73.94,4,True,False,True,False,False,False,False,False,False,False
590,78.14028585441143,137.63,191.21,2.05,5.33,2,True,False,False,False,False,False,False,False,True,False
591,154.90988657710986,118.71,9.58,3.16,0.69,6,False,False,False,False,False,False,False,False,False,False
592,54.9938913112403,935.77,8.74,2.39,71.88,2,False,False,True,False,False,False,False,False,False,False
593,169.05612925171116,153.76,14.27,0.21,0.96,4,False,False,False,False,False,False,False,False,False,False
594,145.20914111827085,51.84,77.02,5.09,6.57,4,True,False,False,False,False,False,False,True,False,False
595,200.65731133600244,951.74,29.42,3.57,13.87,2,True,False,False,False,False,False,False,True,False,False
596,142.39365378138982,748.98,38.66,2.53,32.23,6,False,False,False,False,False,False,False,True,False,False
597,133.45838947223135,513.03,2.18,0.13,49.14,2,True,False,False,False,True,False,False,False,False,False
598,32.344446139262686,19.91,35.47,2.17,11.82,1,True,True,False,False,False,False,False,False,False,False
599,100.58725747212662,578.4,9.43,4.4,8.36,1,True,False,True,False,False,False,False,False,False,False
600,156.27723594197846,640.65,8.32,2.04,53.64,4,False,False,False,False,False,True,False,False,False,False
601,59.436366235012734,44.77,11.91,7.93,1.07,6,True,False,False,False,False,False,False,False,True,False
602,92.84783510357279,684.88,41.08,2.0,1.48,2,False,False,False,False,False,False,False,False,False,False
603,148.35267074180828,113.12,87.56,16.96,1.55,2,True,True,False,False,False,False,False,False,False,False
604,175.1487898483884,127.84,65.14,1.91,29.65,4,False,False,False,False,True,False,False,False,False,False
605,103.9789612565011,75.17,6.45,8.59,0.73,2,True,False,False,False,False,False,False,False,False,False
606,89.72741076646987,132.29,50.28,1.88,22.89,4,False,True,False,False,False,False,False,False,False,False
607,85.07705225616927,410.92,23.17,1.04,19.34,6,False,False,False,False,False,True,False,False,False,False
608,132.37145720336878,689.29,5.14,1.13,12.72,4,True,False,False,False,False,False,False,False,False,True
609,200.03466521885267,1337.5,49.91,0.76,57.9,4,False,False,True,False,False,False,False,False,False,False
610,139.91314136096653,23.45,17.98,7.1,9.73,2,True,False,False,False,False,False,False,False,True,False
611,155.08104851972084,1056.94,38.09,4.27,46.59,4,False,False,True,False,False,False,False,False,False,False
612,38.22445918930437,672.26,88.81,6.31,20.89,2,False,False,False,False,True,False,False,False,False,False
613,182.77707086637903,674.75,21.48,3.93,23.86,1,True,False,False,False,True,False,False,False,False,False
614,187.4254683168253,207.96,16.55,76.11,1.19,4,False,False,False,True,False,False,False,False,False,False
615,178.24708137235515,999.13,51.34,2.82,25.25,1,True,False,False,False,True,False,False,False,False,False
616,44.60743894310571,384.59,1.93,8.6,0.86,1,False,False,False,False,False,False,False,False,False,False
617,45.68324814444362,324.0,79.18,1.7,7.03,4,True,False,False,False,False,False,True,False,False,False
618,79.01942448680603,626.61,10.72,4.47,5.9,1,True,False,False,False,False,False,False,False,True,False
619,67.28433129876068,816.25,5.42,8.24,37.47,1,True,False,False,False,False,True,False,False,False,False
620,133.27746147298657,60.62,140.98,148.75,5.53,1,False,False,False,True,False,False,False,False,False,False
621,173.01718708242132,96.2,7.2,5.51,0.27,1,False,False,False,False,False,False,False,False,False,False
622,199.56720942928695,126.31,45.48,6.26,10.44,1,True,False,False,True,False,False,False,False,False,False
623,150.6077638975867,321.95,1.41,10.76,112.64,1,True,False,False,False,False,True,False,False,False,False
624,98.77456458216864,136.46,31.09,2.4,6.77,2,True,False,False,False,False,False,False,False,True,False
625,149.3950449587967,299.82,40.79,4.36,1.06,6,True,False,True,False,False,False,False,False,False,False
626,70.513035125553,124.79,158.92,1.76,23.07,1,True,True,False,False,False,False,False,False,False,False
627,170.71069714714966,853.22,24.8,0.9,14.1,4,False,False,False,False,True,False,False,False,False,False
628,62.80936187387799,267.51,15.99,5.77,0.95,1,False,False,False,True,False,False,False,False,False,False
629,170.87582731136268,253.63,12.99,5.75,9.5,1,False,False,False,False,False,False,False,False,True,False
630,77.6993565601204,674.84,2.64,3.64,1.26,2,True,False,False,False,False,False,False,False,False,True
631,196.7538964439987,1148.55,10.37,5.7,30.83,6,True,False,False,False,False,True,False,False,False,False
632,140.26848909273437,197.11,4.74,18.82,2.55,1,False,False,False,False,False,False,False,False,False,False
633,188.85939358988094,184.32,14.18,7.47,0.04,1,False,False,False,False,False,False,False,False,False,False
634,31.12321578617281,767.16,24.76,0.57,31.07,4,True,False,False,False,False,False,False,False,True,False
635,115.26042660269495,716.79,24.93,3.32,16.11,6,True,False,False,False,False,True,False,False,False,False
636,133.81997431949912,226.38,13.44,0.45,37.7,4,True,False,False,False,False,False,False,False,True,False
637,108.69926680582309,108.62,13.68,6.72,0.23,2,False,False,False,False,False,False,False,False,False,False
638,195.81281703532278,1089.14,5.14,7.51,47.4,6,False,False,True,False,False,False,False,False,False,False
639,145.7347964480873,192.8,78.29,0.41,1.62,1,True,False,False,False,False,False,False,False,True,False
640,176.1293726351349,102.32,46.13,15.64,6.5,6,False,False,False,False,True,False,False,False,False,False
641,128.17386608733074,7.39,4.47,11.62,10.75,4,True,False,False,False,False,False,False,False,False,True
642,102.98567890737331,434.29,64.57,2.91,7.16,2,True,False,False,False,False,False,False,False,True,False
643,140.8008886454324,451.79,19.64,4.16,5.37,6,True,False,False,False,False,False,False,False,False,True
644,34.7390531554973,374.27,74.16,5.91,0.38,2,False,False,False,False,True,False,False,False,False,False
645,26.37845793759036,616.95,69.45,7.77,3.12,4,True,False,False,True,False,False,False,False,False,False
646,144.50717208469686,101.96,32.47,11.44,3.18,4,True,False,False,False,False,False,False,False,False,True
647,151.81688638349934,1291.46,63.62,8.22,18.86,1,True,False,False,False,True,False,False,False,False,False
648,195.96977969632655,231.35,60.56,0.01,5.16,6,True,False,False,False,False,False,False,False,True,False
649,69.82579005549482,191.89,19.29,5.49,3.71,4,True,False,False,False,False,False,False,False,True,False
650,161.53468129601342,521.32,4.88,11.69,32.98,6,True,False,True,False,False,False,False,False,False,False
651,153.88144222335538,135.07,26.32,4.58,7.11,4,True,False,False,False,False,False,False,False,True,False
652,45.14650281709427,2906.01,3.52,1.89,179.22,6,True,False,False,False,False,False,False,True,False,False
653,126.7019517402107,145.89,30.54,8.47,0.82,4,False,False,False,False,False,False,False,False,False,False
654,176.6189071503308,633.17,20.0,2.35,26.11,4,True,False,False,False,True,False,False,False,False,False
655,172.6883874201317,573.69,9.55,5.19,7.83,4,False,False,False,False,False,True,False,False,False,False
656,175.96608263372056,35.64,92.44,15.83,10.27,4,True,False,False,False,False,False,True,False,False,False
657,151.29912821755042,1610.06,42.58,0.24,48.54,4,True,False,False,False,False,True,False,False,False,False
658,39.64303034130917,413.67,20.8,5.75,54.13,1,False,True,False,False,False,False,False,False,False,False
659,186.14745200410837,474.05,4.67,1.1,39.11,1,False,False,True,False,False,False,False,False,False,False
660,173.50995383833657,48.76,6.27,1.5,0.1,6,False,False,False,False,False,False,False,False,False,False
661,110.06178300959898,652.18,53.19,28.18,2.6,6,False,True,False,False,False,False,False,False,False,False
662,199.878891599688,2283.29,34.34,5.12,17.57,6,False,False,True,False,False,False,False,False,False,False
663,33.84821451450292,85.17,29.96,0.57,5.24,2,True,False,True,False,False,False,False,False,False,False
664,42.15163874956119,76.77,48.84,22.95,4.88,2,True,False,False,False,False,True,False,False,False,False
665,194.24061735502156,284.59,9.73,1.76,111.57,4,True,False,False,False,False,True,False,False,False,False
666,139.73534254007714,551.3,126.97,1.51,9.77,4,False,True,False,False,False,False,False,False,False,False
667,73.23800571577146,593.56,243.2,0.6,2.56,2,False,False,True,False,False,False,False,False,False,False
668,132.008414817864,76.76,0.65,48.21,0.2,4,False,False,False,False,False,False,False,False,False,False
669,99.78311168553827,268.04,77.7,2.43,0.88,2,False,False,False,False,False,False,False,False,False,False
670,117.92214600164968,796.74,44.85,2.36,3.44,4,True,False,False,False,False,False,False,False,True,False
671,90.35464787408998,472.91,8.68,1.91,15.08,4,True,False,False,False,False,True,False,False,False,False
672,27.350338958673284,813.08,88.55,0.47,136.89,1,True,False,True,False,False,False,False,False,False,False
673,139.55746017150946,128.3,210.77,112.24,13.02,4,False,False,False,True,False,False,False,False,False,False
674,121.87381377428346,546.1,26.13,3.17,19.42,6,True,False,True,False,False,False,False,False,False,False
675,196.91058093134097,375.32,131.8,16.43,4.76,4,True,False,True,False,False,False,False,False,False,False
676,69.59615894571115,62.85,29.98,4.41,40.65,4,False,False,True,False,False,False,False,False,False,False
677,114.304325044692,151.88,7.41,6.09,40.24,4,True,False,False,False,False,False,True,False,False,False
678,133.09644280728307,84.83,26.93,43.34,10.52,6,False,False,False,True,False,False,False,False,False,False
679,76.81473365268282,866.33,45.08,7.74,64.46,1,False,False,False,False,False,False,True,False,False,False
680,144.15571521310656,565.23,91.95,13.44,3.21,1,False,False,False,False,False,False,False,False,True,False
681,169.7186718500594,32.29,133.9,14.35,0.74,6,False,False,False,True,False,False,False,False,False,False
682,173.34575582502927,597.75,34.77,4.7,38.26,1,True,False,True,False,False,False,False,False,False,False
683,49.118607318850714,13.62,92.02,0.89,44.92,1,True,False,False,False,False,False,True,False,False,False
684,13.362143559233285,1161.49,1.53,8.88,12.57,1,True,True,False,False,False,False,False,False,False,False
685,170.214951734352,69.69,76.09,1.72,99.13,2,True,False,False,False,False,False,True,False,False,False
686,167.39555188846248,686.84,17.72,95.75,1.64,4,True,False,False,True,False,False,False,False,False,False
687,152.85045208590583,332.63,25.69,6.66,1.73,4,False,False,False,False,False,False,False,False,False,False
688,130.9170683391505,10.66,2.32,0.08,73.42,6,True,False,False,False,False,False,False,True,False,False
689,195.02730361657223,109.42,51.67,2.54,4.5,1,True,False,False,False,True,False,False,False,False,False
690,83.7926293695582,370.92,6.65,4.55,11.97,1,False,False,False,False,True,False,False,False,False,False
691,68.67484571954596,1330.48,10.34,5.22,77.57,1,False,False,True,False,False,False,False,False,False,False
692,162.37671070661472,299.17,20.65,6.34,12.65,6,True,False,False,False,False,False,False,True,False,False
693,119.05611183309989,189.27,9.54,6.47,0.34,6,False,False,False,False,False,False,False,False,False,False
694,6.501471878841101,248.28,48.54,3.99,113.85,2,False,False,True,False,False,False,False,False,False,False
695,96.54228784462398,1199.2,40.96,1.55,29.53,6,True,False,False,False,False,False,False,True,False,False
696,166.5629774071247,1228.14,32.54,1.67,7.38,4,True,False,False,False,False,False,False,False,True,False
697,187.5849934039369,1646.67,9.42,5.12,245.57,6,True,False,True,False,False,False,False,False,False,False
698,174.16617236797632,241.29,4.25,7.69,9.87,6,True,False,False,False,True,False,False,False,False,False
699,31.430106169412454,557.66,36.78,3.0,19.55,1,True,False,False,False,False,False,True,False,False,False
700,37.36417594485757,88.57,14.31,47.32,5.67,1,True,False,False,True,False,False,False,False,False,False
701,120.37406357428787,1272.1,3.13,0.73,25.44,1,False,False,True,False,False,False,False,False,False,False
702,25.723442862369108,6.23,56.43,5.6,2.12,6,True,False,False,False,True,False,False,False,False,False
703,191.71524309992802,1716.03,19.99,6.71,25.29,2,True,False,True,False,False,False,False,False,False,False
704,162.5449228180273,278.75,39.36,5.05,0.07,1,False,True,False,False,False,False,False,False,False,False
705,137.41628726073674,22.02,31.2,0.74,70.07,1,True,False,True,False,False,False,False,False,False,False
706,154.56735284431736,721.81,0.19,0.33,19.0,1,True,False,False,True,False,False,False,False,False,False
707,191.24036655505003,504.09,32.76,1.46,25.73,2,False,False,False,False,False,False,True,False,False,False
708,83.36288414723249,1435.35,75.43,17.09,0.36,1,True,False,False,False,True,False,False,False,False,False
709,168.55859168944343,263.04,52.87,1.27,19.53,6,True,False,False,False,False,False,False,False,True,False
710,91.60435669349584,771.52,96.03,1.49,7.52,4,True,False,False,True,False,False,False,False,False,False
711,119.80988157251615,29.19,1.33,66.03,2.56,6,True,False,False,True,False,False,False,False,False,False
712,57.96939228185898,16.58,5.66,14.41,19.94,6,True,True,False,False,False,False,False,False,False,False
713,5.973312842668718,538.52,3.78,3.37,3.79,6,True,False,False,False,False,False,False,True,False,False
714,71.65304017821113,207.37,12.05,22.03,0.38,4,False,False,False,False,False,False,False,False,False,False
715,95.93019639652123,187.46,47.62,16.3,78.81,1,True,False,False,False,False,False,False,True,False,False
